{
    "name": "All Requests",
    "numberOfRequests": {
        "total": 217,
        "ok": 200,
        "ko": 17
    },
    "minResponseTime": {
        "total": 225,
        "ok": 225,
        "ko": 233
    },
    "maxResponseTime": {
        "total": 2103,
        "ok": 2103,
        "ko": 1667
    },
    "meanResponseTime": {
        "total": 459,
        "ok": 455,
        "ko": 507
    },
    "standardDeviation": {
        "total": 335,
        "ok": 334,
        "ko": 343
    },
    "percentiles1": {
        "total": 309,
        "ok": 304,
        "ko": 439
    },
    "percentiles2": {
        "total": 531,
        "ok": 533,
        "ko": 508
    },
    "percentiles3": {
        "total": 1014,
        "ok": 997,
        "ko": 960
    },
    "percentiles4": {
        "total": 1917,
        "ok": 1925,
        "ko": 1526
    },
    "group1": {
    "name": "t < 800 ms",
    "htmlName": "t < 800 ms",
    "count": 179,
    "percentage": 82.48847926267281
},
    "group2": {
    "name": "800 ms <= t < 1200 ms",
    "htmlName": "t >= 800 ms <br> t < 1200 ms",
    "count": 12,
    "percentage": 5.529953917050691
},
    "group3": {
    "name": "t >= 1200 ms",
    "htmlName": "t >= 1200 ms",
    "count": 9,
    "percentage": 4.147465437788019
},
    "group4": {
    "name": "failed",
    "htmlName": "failed",
    "count": 17,
    "percentage": 7.834101382488479
},
    "meanNumberOfRequestsPerSecond": {
        "total": 18.083333333333332,
        "ok": 16.666666666666668,
        "ko": 1.4166666666666667
    }
}